month,ct_listings,ct_sales,homes for sale,townhomes for sale,Homes in,townhouses in,Homes near me,zillow homes for sale,selling a house,house appraisal,home values,house valuations,property value,real estate values,home value estimator,how much is my house,home worth,house prices,rexhomes,zillow,real estate agents,best realtors,for sale by owner,redfin,trulia,realtor.com,Homes in Denver,selling a house in Denver,house appraisal in Denver,for sale by owner in Denver,median_listing_price,active_listing_count,median_days_on_market,price_increased_count,price_reduced_count,pending_listing_count,median_listing_price_per_square_foot,median_square_feet,average_listing_price,pending_ratio,supply_score,demand_score,ldpviews_per_property_vs_us,MORTGAGE15US,MORTGAGE30US,MORTGAGE5US,unemployment_rate,avg_hour_salary,avg_week_salary,building_permits,building_permits_1unit
2016-03,12897,5242,71.27975087120916,45.73185467629756,100.0,100.0,1.1525160346744947,9.873854251746984,98.21613825561096,100.0,85.20009026628551,100.0,70.20052310374889,65.70238773829881,28.789516346933265,77.64810453894823,80.89677340603005,36.57723365459753,0.0,31.12290502793289,83.02801087341922,79.2063492063492,71.95066727045098,13.663481592860265,97.0849215449296,32.60861229341612,83.90058011460616,78.68614199549452,28.60854137625142,90.4573307427888,,,,,,,,,,,,,,2.966,3.6940000000000004,2.896,3.5,29.121115679601804,1005.49439739624,1358.08927127269,849.0039551361549
2016-04,10652,5554,65.37777118706903,73.1210225289332,99.89268851051655,28.638918302516913,2.927375493228098,6.588619656956168,91.466562080919,77.17559064466342,68.79544656737372,96.28165978085146,21.86573670444639,66.6999176641966,50.17562820859228,49.66061781410174,43.361679619156114,75.77494139098724,19.782327839329763,41.513966480446896,100.0,41.12942612942613,56.3277483284942,18.038511907649024,93.42299627093084,44.912573334867105,90.41004681999443,100.0,66.93068052211379,70.11657450306382,,,,,,,,,,,,,,2.87,3.605,2.8325,3.2,29.0559148944497,1003.53557842377,1532.26106714199,825.727158092088
2016-05,9340,6313,67.31667531697181,36.40611154372874,86.21548147088279,64.9914474220087,0.0,3.3741718849260494,61.840540472153904,75.27009379081086,95.27606438995029,47.458236033770504,48.5318221447253,49.77515992146432,100.0,69.64953594680715,62.94502990600972,52.61578536077098,24.824022237012105,35.74301675977651,35.88819288500176,32.573870573870565,63.168269358834216,18.71853324926033,87.57527864720531,44.45339161777667,68.6270620984707,67.83809316183414,49.40818654162972,88.82827678971753,,,,,,,,,,,,,,2.8425000000000002,3.6,2.8125,3.0,29.3176872426058,1031.81429175695,2241.19924317403,780.248762285985
2016-06,9525,6909,59.772373396604,92.56867431057155,81.72843039061381,55.88498818929707,5.284967778302518,13.172701697068705,76.1013132258799,67.88555146622342,100.0,44.057242081312495,70.92414995640803,90.79897396921908,85.93623345041881,49.9318926905851,33.46421450950078,65.36598072414688,4.063735661433658,42.670391061452534,38.09833353031557,42.98534798534799,57.79281319091128,12.829218606004758,95.71105395271006,38.489781049886844,55.31630058294788,48.00523217789406,14.402483842352039,72.61246450455836,,,,,,,,,,,,,,2.8419999999999996,3.568,2.776,3.4,29.0061691133952,1001.05592500151,1258.2992787752,806.9871575750632
2016-07,8170,6408,61.8150811892934,95.73856770763416,84.63585634568602,40.320925307485524,4.7288959307728495,18.48262092748886,61.55208623263577,88.56226997506819,82.66887317586867,9.582659720974787,32.978204010462065,100.0,38.77870845717375,99.14577272937171,56.89872645156046,74.96327168533462,0.0,44.56536312849161,32.134499468147986,16.73504273504276,61.12783356863152,12.576029490226505,79.17919158738516,48.13451436021318,58.33374652037483,98.51028268294466,52.45976428842983,82.67075175609027,495050.0,7272.0,34.0,304.0,3388.0,418.0,169.4941394,3056.0,677178.0,0.0575,98.3277592,91.63879599,1.75,2.7475,3.4400000000000004,2.7499999999999996,3.1,28.8952412539417,1002.48580043031,1557.79015367406,874.31462022991
2016-08,7697,6614,49.26966708682431,55.53288042748582,63.62140506510232,82.31652683880428,4.496564542421415,16.33995825392504,63.03863768629336,47.05568087379793,27.492352439697047,18.639602419016825,44.53356582388841,20.07726898473621,34.7000810591732,33.897815948654056,77.2958457094031,29.09090909090909,16.376306620209046,33.407821229050306,47.81349722255054,48.77899877899878,40.94456727311474,6.674103894844059,60.858202402718824,38.51853982131213,58.26291445611594,53.586221931545666,0.0,80.22717082648333,490050.0,7567.0,35.5,256.0,3420.0,452.0,170.6326271,2957.0,662945.0,0.0597,98.66220736,91.63879599,1.7447,2.745,3.435,2.745,3.0,28.8116274018704,1000.05520219073,1494.7000697803,913.0067117964461
2016-09,6950,6109,38.9337880922369,24.458258371150066,42.83874660180285,43.32491651054819,8.171970931915464,22.67900898448136,42.92274993041674,92.12275911195536,37.90431773732504,53.218370157475604,9.956408020924158,10.64823611375008,8.619292083220753,31.652583460313096,14.808560849574834,0.0,26.08933954508084,19.815642458100527,20.960879328684555,3.0158730158730136,29.15079513065716,1.7509821991560344,53.7151239063291,31.640400322098195,48.37829988879363,61.98677421699004,13.439361297680895,86.05589597967419,489500.0,7631.0,40.5,284.0,3416.0,438.0,171.4881852,2918.0,658287.0,0.0574,97.65886288,93.31103679,1.7955,2.756,3.46,2.8140000000000005,2.9,28.7199601650687,995.2035113522568,1930.6509547452,906.829651544454
2016-10,5371,5599,28.381404315266394,25.461185252812754,39.07855201030194,57.093752545410176,3.720349182650562,11.200653416825483,16.76577009691049,58.307016502433775,0.0,58.04442847733672,74.11508282476012,62.79688390651724,34.12050797081871,62.00766495821218,31.175489278593787,7.849960927324843,26.12379125396391,14.540782122905016,18.06524051530552,10.336996336996352,15.806717988332805,7.314352233593638,48.954104558554675,22.562214808849998,100.0,68.81476636872328,17.93942466100619,48.379913316395175,489050.0,7349.0,43.0,212.0,3176.0,423.0,171.6200466,2910.0,660755.0,0.0576,97.99331104,94.31438127,1.8372,2.7624999999999997,3.47,2.8274999999999997,2.8,29.1872895798453,1031.3790767313901,2442.4759020552,922.7956859467412
2016-11,3966,5302,6.63601987098687,14.200746489084622,12.197739304621566,26.952838641361907,0.14701625557975007,0.0,20.725690139419516,84.7204084055562,45.376360262775144,13.813544099155749,39.05841325196164,57.334220026600796,8.004593353147799,10.008311400470989,46.718476624486335,0.07814535035166159,0.0,3.525139664804442,10.30020092187685,71.8192918192918,11.523401081484264,0.0,32.05863212371006,3.0158364967981433,39.556166285354045,36.654312913305716,56.298314535546844,77.2829173516664,497050.0,6365.0,49.5,264.0,2324.0,395.0,173.0388085,2910.0,673558.0,0.0621,96.98996656,95.65217391,1.9524,3.0275,3.7699999999999996,2.9850000000000003,2.6,28.8336895790159,997.0948839750308,2349.5752989541,924.226979816073
2016-12,2768,5156,0.0,29.49303187347277,0.0,59.91691781379817,5.604899526196302,2.5002268808421846,35.01556134713179,21.898373501127853,31.51672433679349,16.22058559367703,0.0,27.764582937488125,41.85355309375846,42.5324375490604,54.66289620376776,9.861943214378726,13.440081431311894,0.0,38.65973289209313,7.8205128205128185,13.594470046082947,0.6353979725469259,33.737229745782855,0.40358142566811495,27.55367299669216,14.432090691083488,35.92700544924596,77.17082648333582,514050.0,4897.0,64.0,200.0,968.0,328.0,175.8686847,2996.0,703118.0,0.067,90.96989967,95.65217391,2.0238,3.428,4.198,3.226,2.6,28.703273452428107,991.628268391249,1451.48536244634,996.433042333874
2017-01,3990,3713,47.77489434270035,49.558282538062905,61.75990842752907,32.35806793190521,15.021557305869964,20.90389327525179,46.15267832291688,38.9742372076457,62.64480216639083,19.86707382791448,49.6687009590236,29.153207929571234,48.830045933531494,100.0,68.9018187736502,22.416254232873086,23.815526758798875,25.973184357541882,70.50821415908301,51.74847374847373,34.005487333848365,32.7341514284328,66.35780470420534,25.09682119713178,51.03804390171337,92.80139524743844,36.72538334811809,95.39231803915712,529440.0,4289.0,69.5,236.0,1100.0,273.0,181.75565580000003,3015.5,726591.0,0.0637,88.9632107,95.98662207,2.0909,3.3875,4.15,3.2424999999999997,3.1,28.417102402122197,1000.86640283955,2045.17923734495,754.0821568707298
2017-02,4848,3586,46.65233187513894,45.221664294728924,75.11804263843183,46.02916021829438,13.096634622709049,14.36609492694437,45.37081551580165,52.000474890181636,27.19773331327409,22.908807855817017,21.00261551874456,35.26980809424283,11.604971629289384,75.61642886826439,62.01733327908207,47.63740557436832,9.760012527894133,35.726256983240205,53.10247015719182,68.84615384615385,68.74750273034816,53.640199835087536,68.01677564638922,32.43605966486441,60.03725766580011,68.08371484630477,100.0,47.07069197429382,537000.0,4265.0,41.0,236.0,1096.0,302.0,183.6764806,3115.0,743657.0,0.0708,97.65886288,94.64882943,2.0078,3.38,4.1675,3.195,2.9,28.483132864686304,993.845378655141,2110.996346451,899.1206543613762
2017-03,7038,5444,58.237562096833784,74.59117639161147,71.1189011303477,64.950720860145,20.866405642986628,16.979762228877398,99.36742491333712,56.09640270687403,48.91805827190206,77.40853841087362,82.65911072362687,65.48071442143265,53.282896514455565,22.942928383432626,28.306953655857114,54.14951810367282,15.83212621853345,45.05027932960896,83.74305637631484,50.41514041514042,68.65427133001252,49.614395886889454,76.03788982201701,46.254649334713704,70.69748333675687,34.764915340454905,56.6404764922063,100.0,549050.0,4655.0,29.5,268.0,1372.0,337.0,183.9666667,3130.0,744191.0,0.0724,98.66220736,90.96989967,1.9077,3.414,4.196,3.214,2.7,28.336824827302397,989.235930724166,2071.86229796264,946.871882177094
2017-04,6812,5356,58.26203010306222,66.08308047581957,75.66175418514811,72.61545980288341,17.544447660689528,26.207459842090955,76.27843425014557,65.55858957616054,29.14598064289649,53.220765223639354,88.34350479511767,95.60453480271076,40.35125641718453,64.73195733481097,65.96411278837928,86.14118259963516,5.4715577653368825,48.614525139664785,91.69719891265801,44.27594627594625,73.68477131669374,53.70325459572196,84.32757961717647,46.075386326162814,56.31644933028279,54.08909236247374,82.25573438094031,36.513226722463024,539050.0,5266.0,26.0,244.0,1532.0,500.0,208.33333330000002,2624.0,728484.0,0.0949,98.66220736,87.95986622,1.7077,3.3,4.045,3.1475,2.5,28.6353501331548,1019.3828265205499,2370.69630349524,794.439087030405
2017-05,7696,6538,51.62007859420163,49.13536156386772,62.14050651023038,60.40563655616194,21.502460427489748,10.695162900444686,100.0,72.8006648462543,45.00651923173356,89.39584456020599,83.15605928509154,60.43764646272722,50.628208592272365,62.18543657939704,94.41551043658707,56.79083094555872,6.706338331441097,42.603351955307225,84.16853799787259,55.17704517704517,61.415519032524436,57.263423388465824,88.98116871713825,55.51976686222628,51.197416046295814,71.87704381948986,17.37422379926498,50.23912718577194,529500.0,6064.0,25.5,312.0,2344.0,587.0,210.43065380000002,2584.0,713719.0,0.0968,98.3277592,81.60535117,1.5645,3.255,4.01,3.1174999999999997,2.4,28.406285477015,1017.73465204511,1483.0773736466,880.37091780795
2017-06,8037,6856,61.52591384295985,70.825165811874,76.11961654027758,82.99258776574081,29.458858300705362,18.69044377892731,83.60997950456714,50.26712572717558,60.069705631613225,27.112148973115378,67.40191804707932,86.26258787763634,25.763307214266423,71.31066167982647,96.82630101314236,73.79004949205523,33.4807970872646,38.25139664804465,41.62628530906511,45.28693528693529,59.877200926986504,46.53926371441044,97.45679547966574,71.26998734614055,48.371216682367724,40.106096940629314,46.800152071980754,26.20684501569272,522550.0,6715.0,29.0,300.0,2916.0,589.0,183.13233780000002,3015.0,699105.0,0.0877,97.99331104,79.93311037,1.4472,3.174,3.904,3.136,2.8,28.2808101970679,1018.62029746556,2591.00088671584,969.1284599603281
2017-07,6775,6096,64.95588344331557,55.873902419376456,76.85791958792382,53.06019385843443,27.178963725833732,26.621290498230337,81.8906404190177,52.31390241006768,59.96188756832649,37.53308185138619,48.39232781168264,23.28203179428717,39.00567414212377,33.37489033568828,77.04764617325148,74.27142485022125,22.763183651098146,46.482681564245816,53.2052948824016,47.816849816849775,53.472203723928644,51.34791676771596,100.0,67.02710993519685,59.08173311894825,74.0585713247583,51.61323026232415,71.10895232401734,515050.0,7362.0,31.0,332.0,3508.0,613.0,184.4965675,2947.0,690954.0,0.0833,97.99331104,80.60200669,1.4286,3.2350000000000003,3.9675,3.2199999999999998,2.7,28.929345605486606,1043.49550331992,1825.2070032782294,858.520409754788
2017-08,6629,6266,40.780010380366114,49.42402191133434,53.94190871369295,51.01409139040482,29.268422736482872,24.026681187040573,92.97841653804302,44.10542562032529,12.45424000802359,53.52972875875698,12.781168265039241,1.7733865349293811,39.536611726560395,56.933093226208676,58.92501118932336,48.04897108622038,19.970246251419184,29.55865921787705,66.27467202458337,55.311355311355314,55.92152579846037,41.31541931415822,71.83364839319472,65.7147513324897,42.09903739224672,40.84732214228616,41.97186668356356,64.14586758332088,499950.0,7576.0,34.5,292.0,3660.0,603.0,184.8666451,2868.0,679705.0,0.0796,97.65886288,82.60869565,1.4524,3.16,3.88,3.152,2.7,28.9380015613895,1028.86655932836,2134.40888830339,934.3631724412061
2017-09,5958,5485,25.409653740639047,12.13313283746416,33.26656173987695,64.89370367353588,28.36575816206827,5.603956801887648,60.185724045444154,36.25192924136293,50.88636477608941,15.2924974552422,22.27550130775937,24.241560580150747,82.73439610915969,62.76261716765949,20.14891972169103,60.51575931232091,49.70833496456951,17.743016759776513,41.70901784659023,44.175824175824175,26.95985722276977,25.18310132414997,50.32177425186196,65.12519651827137,44.96065278830416,16.357822832642967,80.47775947281714,49.51427290390075,499950.0,7548.0,37.0,284.0,3484.0,506.0,186.6477273,2826.0,678067.0,0.067,97.65886288,86.28762542,1.5172,3.1049999999999995,3.805,3.1624999999999996,2.6,29.0733709441214,1027.68825427151,1390.83851861345,940.731656355609
2017-10,4985,5414,20.367761548157407,0.2738916785264962,23.837458863928877,29.86234422090088,26.039397309526333,20.537253834286254,42.04853116064875,31.219280541374825,59.80642896544808,25.615232620801226,41.06190061028772,75.71727151814557,35.72007565522832,35.046405319296326,70.35846523172063,29.676478249544118,17.758289942449984,19.13966480446919,43.05519442146318,24.852258852258863,14.346980634506323,32.01241693747877,54.817316929560846,58.13106330764217,80.11885620382637,32.927839546544625,63.586364212393896,40.58436706023013,500025.0,6980.0,41.0,268.0,3012.0,506.0,188.2991767,2822.5,683941.0,0.0725,96.65551839,90.30100334,1.6271,3.1999999999999997,3.895,3.1799999999999997,2.6,29.1198836049582,1038.99728103885,1280.85803923139,947.3850676583161
2017-11,3712,5246,14.569585526803534,14.335007115813141,13.092001716983845,46.48529771116724,12.711954782979618,4.8552500226880895,33.6745021634067,5.253472634453273,44.818464470186996,91.77893539309022,26.82650392327813,21.676483627842174,50.49310997027831,0.0,22.630915083207892,23.92810627767648,8.385859139490275,8.664804469273706,0.0,48.345543345543355,3.1858501371833507,30.1256244846486,37.40431993554186,52.09747306261739,24.30956445363691,54.094905893467036,18.235965023444415,52.25676281572261,513050.0,5806.0,48.0,232.0,1956.0,440.0,190.3640159,2865.0,707561.0,0.0758,94.64882943,93.31103679,1.7731,3.2880000000000003,3.9219999999999997,3.2399999999999998,2.7,29.3258716367833,1033.30518507646,1877.6173444132894,948.0942767793301
2017-12,2381,4753,13.656113294283301,5.633575897532296,13.100586636142538,14.946648203958633,34.988345343469575,10.365731917596891,18.1169504820222,5.442241481657304,11.649365628604329,30.529908388719267,20.47253705318223,38.58382418139212,45.23642258848961,21.166366532760772,56.792936485331886,39.53737952591826,8.612927220764975,12.234636871508243,2.4642477248551984,33.262515262515265,0.0,10.356501915894668,46.61956263493345,51.88849265692704,35.98481360542286,39.991279703509896,60.75275630465089,25.274248991182198,538050.0,4455.0,61.0,212.0,864.0,353.0,193.361754,2960.0,740058.0,0.0792,89.29765886,95.65217391,1.9057,3.385,3.95,3.3925,2.7,29.475542285461106,1031.81381964595,1004.47843436065,1033.9215490086
2018-01,4144,3401,41.59190331430253,37.77691254262771,51.92445271140364,67.11737395129104,34.676792760401575,26.563209002631826,67.04283798486877,47.21002018283271,39.48397773431617,42.039398838392906,7.881429816913696,29.435049718158226,43.71115914617671,65.78704345015477,54.022053139113815,34.17556655379005,28.320870688642692,33.223463687150804,19.938541543552773,53.77899877899878,33.81902453317706,38.623466071688405,68.38348466536513,72.46826948886073,41.64925378420301,78.96955163142214,74.87644151565073,0.0,546620.0,4110.0,55.0,296.0,968.0,253.0,196.6602265,2963.0,745372.0,0.0616,94.31438127,93.31103679,1.8222,3.4825,4.032500000000001,3.4725,3.2,29.642196763517397,1033.8350444641999,2180.86038062164,1040.56288708846
2018-02,4769,3677,43.275005560910415,56.492843908595354,48.01116039490629,31.978496375335993,27.40215420710247,23.132770668844728,65.38549125781226,54.19090585302149,70.04287648563258,40.28501287348064,21.795989537925024,7.711064665273295,18.940826803566605,94.80768342799108,35.46812060056153,48.14795519666581,13.404846729045136,34.20111731843579,31.497458929204587,0.0,27.45931115313924,50.93854586021244,58.4565165742147,73.24954944591428,37.50557802506036,58.94193735920355,86.7950830059561,39.98654909580033,549500.0,4263.0,32.5,336.0,1176.0,342.0,196.85880669999997,3003.0,754814.0,0.0802,97.65886288,87.95986622,1.7063,3.7849999999999997,4.33,3.595,3.2,29.7669160368799,1036.87930522825,2213.0059523434697,1021.25284988557
2018-03,6646,5054,49.495810780751704,80.44493971697847,54.20661038775219,53.351796041378186,37.80755343621931,31.3503947726654,79.99165000885603,36.31722664133919,23.919311970312354,47.428297706724145,60.94158674803836,4.132623978719362,13.94893272088625,59.71510366163372,49.95320828416814,52.091690544412614,68.50409114042989,45.21229050279331,64.10589764803214,52.97313797313798,56.713992701313245,57.95217538924189,57.82639685146737,82.36128685915867,45.16606577465485,40.22963447423878,74.59130655176784,60.491705275743534,547545.0,4628.0,25.0,236.0,1364.0,379.0,199.2246392,2974.0,765443.0,0.0819,98.66220736,80.60200669,1.5176,3.91,4.444000000000001,3.6519999999999997,3.0,29.752216531638304,1046.54214845075,3165.0884068288397,1055.6699907615302
2018-04,7246,5480,50.972047156521064,40.138556966783966,61.34210902847329,22.772664331677124,38.86408994652565,29.380161539159612,42.23577338630089,62.60002374450903,77.82959731207058,75.2362134003952,63.27637314734085,20.678953701944387,26.69548770602541,77.28217204598988,51.35695975912436,60.572023964574186,61.90658888932389,57.494972067039136,44.83276208485992,56.92063492063495,56.354385871447256,66.09303002376677,73.52257584678794,100.0,44.328830775115264,60.15260518857643,63.25687492079585,34.755641907039305,549350.0,5085.0,24.0,300.0,1880.0,7084.0,198.5416135,2974.0,760041.0,1.3931,98.66220736,46.82274247,1.025,3.925,4.467499999999999,3.66,2.9,29.9730003701513,1061.08538027635,1601.63929405617,1114.83640107318
2018-05,8219,6619,51.60154222584708,13.395182728712966,50.837029617971105,67.99706768754582,44.777495086762436,31.568200381159805,75.5319956478833,71.22165499228305,78.62444210420739,68.34321298125862,25.353095030514396,56.29710557983407,25.506619832477714,93.72258392205765,34.52211417178665,43.64157332638706,51.4622401440708,53.15083798882677,51.069613520860436,20.085470085470085,41.410724274792905,60.53257020905079,62.955158201369755,79.41830591663788,40.972807570531,70.29285662379189,36.26283107337472,15.162158122851588,535740.5,5670.0,23.0,356.0,2452.0,7652.0,197.1720035,2919.5,740547.0,1.3496,98.3277592,45.48494983,1.0135,4.066,4.586,3.79,2.7,29.4678772016919,1032.2517644227198,1790.5047366315698,1028.13075325579
2018-06,7675,6742,52.33187513902266,26.230498643967646,53.412505365574475,44.26162743341207,36.093633358216906,23.88147744804429,69.43397181245412,42.82915825715303,45.000250739681995,46.29064127896534,66.59982563208371,41.539996199886005,60.4228586868414,52.4253128318789,62.383529316027186,88.27819744725191,29.706768977802128,58.71508379888269,41.90403025647086,91.24542124542124,56.85383980181668,61.623902604646645,66.4569710868016,39.112887764101345,45.095233710395966,44.93859457888236,27.296920542390062,65.69272156628307,525050.0,6738.0,25.0,244.0,3348.0,7422.0,196.7364532,2848.0,719399.0,1.1015,97.99331104,38.46153846,0.9571,4.04,4.57,3.8175,3.3,30.0000239932446,1047.55951331258,1397.7358497738699,956.4106938909121
2018-07,6623,6047,57.55616519611462,35.63814075884096,60.29474889111455,46.94795145393825,47.176221453708926,27.93901442962159,75.63067736140256,50.34785705805536,25.92648312521945,31.23405784084791,15.025283347864006,44.3473304199126,32.893812483112676,33.51341367687125,28.90507384953413,71.38734045324298,27.50499158282113,56.547486033519505,37.079541425363395,56.64224664224662,45.715351216003725,61.619052238444034,50.59861373660993,36.82273093293456,35.650486262121134,50.630041421408364,41.642377391965496,67.04379016589449,502545.0,7467.0,30.0,296.0,3816.0,7023.0,195.6911845,2753.0,695603.0,0.9405,97.99331104,36.4548495,0.9433,4.0075,4.5275,3.835,3.1,30.299261589457608,1055.41335862463,1262.68164193165,882.1908927612869
2018-08,6832,6220,48.8062578779564,46.967052442200725,52.5468593504078,37.24851348049198,48.38053596185193,27.125873491242398,42.486273120619344,29.63314733467885,36.17421393109669,28.932399257529497,40.82824760244115,32.88681993793148,61.92920832207512,48.102230225793114,45.11128290678278,100.0,55.666914614571496,43.11173184357543,63.40267107906866,66.37362637362638,49.12895234543565,46.02997526313237,46.69600338818476,38.7486099927144,52.68843099894457,88.19853208342418,58.01546065137495,60.90270512628904,495876.5,7798.0,34.5,260.0,4156.0,6635.0,196.2796426,2672.0,676878.0,0.8509,96.65551839,50.16722408,1.0507,4.017999999999999,4.549999999999999,3.874,3.1,30.6587298119911,1054.6441235533198,1213.2814892719,951.928541112643
2018-09,5852,4903,32.497960999480874,25.831744582583642,23.597081127486067,20.76565936303656,52.46575968555285,20.47554224521285,33.703600617393235,3.3954647987652886,39.52158868662539,43.23812945332618,25.368788142981643,38.42548609791631,33.79627127803298,35.09719721106343,29.547951336615586,57.79213336806467,46.2185334533923,27.635754189944024,8.695189693889617,32.749694749694726,36.59465650888366,36.051801911044286,33.27342031051476,29.084704168104572,34.55683918996449,12.813022309425163,7.806361677860853,66.2188013749813,492450.0,8273.0,37.0,284.0,4412.0,6159.0,196.4285714,2638.0,668335.0,0.7445,96.32107023,52.17391304,1.0968,4.08,4.6275,3.9375000000000004,3.0,30.8608217483998,1079.00704103173,2334.647911866811,900.582863955555
2018-10,5427,5063,22.529102098316827,16.100534357294435,14.94491343539849,18.00928565610492,39.03014975852769,8.13594700063527,38.61491359024315,40.94146978511218,20.20836467579352,54.47577989341956,13.478639930252841,0.0,85.93623345041881,41.666666666666714,32.21304471660497,47.335243553008574,52.64064518654815,24.178770949720644,43.34594019619431,25.65323565323565,37.428411603313705,30.174128146675077,20.938568491947894,25.3805744085279,57.69271633883223,50.44691519511663,33.24040045621594,54.09505305634435,480050.0,8464.0,37.5,240.0,4816.0,5773.0,198.3369963,2531.0,648269.0,0.6821,97.32441472,55.18394649,1.1172,4.2475000000000005,4.83,4.08,3.0,31.0284795754919,1059.2658148974401,1329.08111154312,1079.97024338482
2018-11,3934,4636,12.285904945502978,14.167181332402466,6.875089426241259,38.633216583856004,41.52866436112676,11.189763136400764,40.51896460109821,5.182239107206456,1.8479514567974604,46.865457158254,48.53530950305144,8.558173411869022,19.048905701161853,37.095396407628066,51.52988566545957,52.11252930450638,38.108287984966495,13.173184357541912,41.41354449828626,50.573870573870586,17.223835273434375,22.525100645098707,12.390632908777256,7.22420338203147,17.02802824782725,38.674514933507716,36.86478266379418,55.50739799730981,475050.0,8138.0,44.0,172.0,3660.0,5350.0,198.19075890000002,2505.5,641089.0,0.6574,95.98662207,55.51839465,1.122,4.282000000000001,4.866,4.106,3.0,31.2507525429359,1058.1837099035902,2085.99247093495,975.7112610443139
2018-12,2242,4198,19.05983539704893,0.0,10.90857061096014,1.4514946648203946,34.59223936988676,19.40829476359015,27.71690999721655,12.389884839130914,27.68166089965379,44.86677444464407,27.224062772449894,25.98644626005449,26.214536611726565,18.779147619707288,82.10115148309394,16.927324824172928,33.643659711075436,20.475977653631148,2.5682543434582072,31.841269841269828,21.800165152766386,24.624339137604903,9.093350687450332,6.36144023927296,22.83271591383988,34.49167938376574,23.78405778735268,33.56000597817965,480049.0,6562.0,57.0,236.0,1856.0,4792.0,199.4301994,2517.0,653939.0,0.7303,93.64548495,62.20735786,1.2203,4.09,4.6375,4.0225,3.1,31.4083516891188,1082.0929064909599,1878.05527618772,752.817145352455
2019-01,4562,3260,31.34129161414685,30.573829918638072,33.123479753899005,44.60373055306671,37.72757049924585,32.35774571195208,61.93795703550005,30.677905734298932,47.95271049596303,96.20980779594036,43.38273757628596,37.20944961682184,44.312348014050265,26.18668328946764,26.80148105952722,43.67283146652773,21.12124652546684,43.20670391061449,36.839617066540605,57.73504273504275,41.74369356170588,43.93461706358831,37.91048168004381,28.457762951033352,22.0004391587984,35.484339800886566,22.17082752502851,43.820056792706616,492321.0,5759.0,60.0,272.0,2108.0,4186.0,201.254764,2524.0,661290.0,0.7269,94.31438127,63.21070234,1.205,3.906,4.464,3.908,3.5,31.843238049372506,1072.13003832376,1652.24529612134,875.779015141409
2019-02,5153,3823,36.81322755245779,54.55277785236706,39.254542853054794,49.3198664168771,41.14398452139733,37.83011162537436,54.10035171174819,19.23305235664252,26.915651170954252,83.75546374468594,35.963382737576296,45.134270694787524,26.81707646582005,95.37909221037089,77.90617243764495,29.80463662412086,94.12754962220578,53.03351955307255,37.35374069258953,60.744810744810756,28.957672944247623,78.53712955328128,35.839350460194005,31.467847693546496,26.91618441836248,39.66281520238356,30.2306425041186,49.671200119563586,499800.0,5783.0,32.5,308.0,2008.0,5478.0,205.3743481,2550.5,675063.0,0.9473,98.99665552,56.18729097,1.1375,3.8,4.37,3.8674999999999997,3.1,31.358404503228,1064.02716771226,1141.0204757639199,826.8067163507152
2019-03,6168,5006,51.62749314154368,68.19365752799325,52.99184432679925,38.51592408568868,61.74682734350007,48.979036210182365,80.25100579438772,28.84957853496387,40.10330474900954,47.49176696006234,27.18918918918921,31.312939388181643,4.063766549581193,51.69229348478557,48.41925377385357,51.58218286011982,68.67791567161252,59.74748603351954,20.9065122325966,21.2039072039072,37.068804773447674,87.24838725323761,38.76062681417663,39.83665017830437,30.400413659255268,37.648426713174906,54.30490432137879,52.06247197728293,516421.4286,6201.0,35.0,252.0,2416.0,6364.0,206.90964169999998,2608.571429,689745.0,1.0263,97.99331104,49.1638796,1.0912,3.7175000000000002,4.265,3.825,3.0,32.0643694726054,1059.29728702417,1580.6379924993,769.535539696311
2019-04,7605,5632,56.14665974642239,53.80091834268686,49.01988839605096,33.257310417854534,61.768156126692965,45.65750068064253,72.29321120416988,50.605484981597996,74.17381274760541,74.1033471049638,60.026155187445504,34.94521502311737,18.522021075385034,8.484554647458104,20.56597631932297,69.95050794477726,66.01808714716364,65.46927374301671,52.31651105070321,40.409035409035404,43.1355051810021,100.0,44.86245829330525,42.44411212086349,32.855453006466945,34.779449167938374,41.33823343049043,50.313854431325645,523971.4286,6758.0,30.5,288.0,2820.0,7135.0,208.08130309999999,2646.571429,696670.0,1.0558,96.65551839,41.13712375,1.0194,3.6050000000000004,4.1425,3.7525,2.7,32.0087526553223,1063.5459253793401,1559.84197362355,908.968743386617
2019-05,9253,6903,58.14117298138939,31.567358556429696,54.09929889826873,34.62572289647308,72.21545117993874,53.34876123060168,70.80033399964577,40.436898967113855,35.6852715510756,85.35417040895757,100.0,56.55044651339541,12.67225074304242,23.092995336380863,64.67225454693414,49.91924980463662,70.43025486434641,78.9441340782123,50.632312965370524,40.20757020757021,41.490636903652,99.02992675947037,53.38456929767477,53.175926991065566,28.343450513178286,60.438921590000724,77.51869218096563,45.807801524435796,517575.0,7822.0,29.0,284.0,3748.0,7537.0,207.2338882,2613.5,680006.0,0.9636,96.98996656,33.44481605,0.9427,3.534,4.072,3.65,2.5,32.1905937865553,1081.21674347215,1877.5468408417896,966.128437374064
2019-06,11413,6722,65.99095425224283,53.45721113826158,55.73901845757618,31.06133420216669,72.95357942686509,49.47635901624471,80.28136939854751,49.184376113023795,51.05059926784006,29.591042452547736,31.569311246730567,39.47685097219585,54.13131586057825,75.31514060119143,56.52439272490546,47.21437874446464,89.59010296362997,75.22011173184357,37.42465429618247,5.169719169719164,31.981034069417447,87.01556967551042,34.10807069736696,43.23018520648798,32.23638076484458,38.636726982050746,35.3668736535293,12.313555522343462,517756.0,8765.0,34.0,272.0,4860.0,7410.0,206.1344239,2603.0,671383.0,0.8454,94.64882943,30.76923077,0.9403,3.2375,3.8025,3.475,2.8,32.5210982638061,1124.1961197788,1784.0765403608398,860.267058377508
2019-07,13495,7722,57.95951657151304,53.89490078139685,49.80683931892975,0.0,80.13376194030988,38.46991560032672,84.81819792009303,35.78891131425857,66.59520585727893,38.85396084066822,55.972101133391455,9.104439799860664,29.924344771683327,56.55792584383809,100.0,41.672310497525395,100.0,70.30167597765356,32.312965370523585,71.56898656898656,47.68386564023336,63.17116942329147,37.94663609036538,30.724912765059962,34.77146034466881,44.82959087275633,33.06298314535544,58.21999701091018,500050.0,9297.0,36.0,276.0,5188.0,7030.0,205.6267044,2544.5,662594.0,0.7562,95.31772575,27.090301,0.8986,3.2025,3.765,3.4650000000000003,2.6,32.5406919153265,1098.5977548419196,1932.9132173458304,1009.9302253364999
2019-08,12281,8175,56.28753614591815,56.40557450122179,42.41665474316785,33.58312291276371,81.3144624384893,39.8402758871041,63.25371321575868,55.94206339783925,23.869164033899953,31.123884797317533,47.67218831734961,47.61226170118439,66.86706295595786,64.98476243246995,5.185742767628298,58.166189111747855,68.8290333946678,57.865921787709475,33.50076823070559,42.82051282051283,38.267494206334405,46.06877819275356,36.27320338405281,32.253920779170926,18.39862869123597,29.24206089673716,38.43619313141552,34.568823793154976,499592.8571,9234.0,42.0,256.0,5276.0,6871.0,206.3142111,2495.428571,656791.0,0.7441,88.9632107,32.44147157,0.9463,3.082,3.6159999999999997,3.3600000000000003,2.6,32.412840897174895,1090.6874422254,1547.6590806831698,1165.90612784811
2019-09,11373,7009,38.153777711870596,23.0015305711446,20.392044641579584,18.55013439765412,68.21554258900953,44.557582357745744,34.19447888464352,74.51976730381102,42.86645604533362,60.171247230704786,30.57890148212729,16.815504465133973,38.135639016482045,66.17721752782018,0.0,33.62333941130501,73.51368280938027,48.22122905027936,17.327739037938755,41.208791208791226,31.13928771210145,50.820196924867794,17.745617568977462,27.251811802599782,39.11275756309361,31.48608386018455,47.23862628310731,49.802720071738214,497050.0,9166.0,42.5,272.0,5376.0,6680.0,208.2786371,2434.0,653834.0,0.7288,93.97993311,37.12374582,0.9949,3.115,3.6050000000000004,3.3825000000000003,2.3,32.8335938836907,1135.42084164183,1068.91855308099,870.549922614007
2019-10,10093,7099,22.87387854971448,6.319647700115553,11.260552296465876,6.825771768347317,62.754612349365466,41.042744350667036,38.40616381164436,30.529502552534726,14.30344516323146,57.697143883599786,46.38186573670446,10.410728988536327,8.27479059713591,41.256868449000365,40.53383244496888,26.62151601979681,60.53321849430377,38.89944134078212,21.19134854036166,40.140415140415136,15.825364268399895,38.64286753649901,0.0,22.22190268031745,40.00949149661064,18.399825594070197,16.886326194398674,71.31968315647885,495050.0,8832.0,43.0,252.0,4884.0,6321.0,208.26923080000003,2445.0,656677.0,0.7157,93.64548495,40.13377926,1.0213,3.142,3.688,3.382,2.3,32.693396275233496,1101.5640454107902,2056.97378387657,802.375327821788
2019-11,5688,5462,20.089716022836626,29.03654574259551,4.471312061811432,24.305612120224826,55.643748381297705,23.954079317542423,52.10774018876036,23.04404606434761,36.393611152901,48.24860786779236,27.28857890148213,41.84875546266389,23.351796811672525,21.892459712794963,6.182609757089993,8.069809846314143,52.018165446501996,32.094972067039066,16.428318165701455,18.58974358974359,22.930928851122772,29.218606004753354,6.538783352443524,8.29307105333789,0.0,0.0,33.39247243695349,35.039605440143475,498050.0,7550.0,51.0,204.0,3212.0,5789.0,210.47479199999998,2440.0,670458.0,0.7668,87.95986622,47.4916388,1.0735,3.1575,3.695,3.4125,2.3,32.6928886655718,1110.02389792846,1234.43892718605,881.5317453331662
2019-12,2570,5093,22.54467264773487,29.037888348862797,3.205036485906476,25.372648041052447,46.84410182970485,35.2935838097831,0.0,0.0,19.838523644751945,45.26435542781864,25.36181342632956,10.44397998606625,47.50067549311,37.756845361776854,50.54319078813532,13.134670487106035,40.844066867635,31.166480446927324,24.102351967852467,24.7252747252747,12.018859380410746,26.816704661201953,6.5356844029873935,0.0,9.264125684414822,7.697115035244579,29.126853377265235,50.0179345389329,497550.0,6430.0,60.0,232.0,1360.0,4459.0,213.3522727,2387.5,679684.0,0.6935,89.96655518,59.19732441,1.1818,3.1774999999999998,3.72,3.3925,2.3,32.9459939741579,1133.94765061771,2156.81352113851,1100.03828959166
2020-01,4538,3629,54.170682879810045,50.2497247657152,35.09801116039492,94.0620672802802,70.47487012294519,51.42027407205735,69.06075251132306,31.71079187937789,17.9078280928739,71.94778755763129,30.749782040104623,78.18734562036862,38.807079167792494,33.88050053100618,63.83814135167025,8.528262568377187,57.49128919860625,56.44692737430168,42.991372178229504,100.0,23.84992408300259,54.99345200562642,9.353662441765572,21.100310594731347,17.552185523342715,47.64188649080735,15.543023697883658,49.469436556568525,532500.0,4099.0,63.0,272.0,1368.0,3638.0,220.79313509999997,2366.0,725692.0,0.8875,90.63545151,66.88963211,1.2989,3.072,3.6239999999999997,3.3340000000000005,2.7,32.7728877342115,1119.84914458582,1578.35187665275,936.2555172108141
2020-02,4996,4174,45.47341884777927,76.91388523401629,34.454142223494074,27.22977926203471,81.69533356693428,41.26054995916145,54.11300321348146,40.816811112430244,27.880998946893268,33.4351236452907,76.39058413251962,89.58768763062893,0.0,82.36944175093512,64.80449200471986,32.987757228444906,71.82789805426141,60.52513966480444,55.247606665878756,19.743589743589748,27.838896140220033,79.87098025900956,21.258793269081785,26.396717665554622,11.485419219572348,39.873555700893824,36.528957039665464,76.7897175310118,559550.0,3707.0,38.0,208.0,1200.0,4757.0,212.41666669999998,2941.0,789310.0,1.2832,96.65551839,61.20401338,1.2553,2.9699999999999998,3.465,3.2625,2.8,32.981364383316,1144.67222970713,1491.9452367499402,873.012434816689
2020-03,7365,5270,22.218432564691803,21.137993072151662,8.962655601659776,19.612283131058078,52.20981428723775,40.21236046828207,47.28625287821654,41.780838181170566,11.353492803771047,36.5654751212502,29.734960767218823,67.9143707644563,51.0402593893542,37.88151636884153,40.28970175367215,34.38187027871851,48.94335042868888,35.53296089385464,14.183902611984381,24.24175824175827,15.36453477531238,47.0136295290294,7.300091935500539,10.579393381647968,6.13901500931442,0.029067654966880237,22.684070460017747,47.190255567179825,560045.0,4389.0,26.0,284.0,1392.0,5172.0,216.83731119999996,2819.0,788031.0,1.1784,99.66555184,51.17056856,1.1788,2.8850000000000002,3.45,3.1599999999999997,5.2,33.1095687507731,1153.07633765409,1055.4991880752802,806.5375563495538
2020-04,11882,5328,42.46681990064499,24.451545339813638,25.7261410788382,44.3267899323939,72.0592940172763,20.537253834286233,39.46256420637131,44.03419209307848,35.97989067749857,20.11855577510329,14.908456843940725,38.59490784723543,0.0,71.47804405042258,92.33022744842741,57.66084917947381,43.71843557921938,49.8882681564246,11.996217941141708,18.699633699633697,19.514663967395663,38.26938933889508,17.405766111954712,8.211587867632923,4.752831511768762,20.645301940265966,0.0,40.26303990434913,547021.5,5155.0,33.0,180.0,1068.0,4386.0,214.08941910000001,2703.0,735997.0,0.8508,97.99331104,44.81605351,1.0764,2.804,3.306,3.312,12.3,33.6410608368785,1146.57293538373,1395.82833715207,652.2260702266819
2020-05,14457,4811,74.15585378512624,54.68703847909578,64.49563599942755,38.9134153294779,82.38394856716288,57.51701606316365,71.91619645251878,49.702006411017464,74.21393109673525,59.85030836476857,39.40889276373146,78.70669453416939,46.50634963523375,95.25788428683576,66.15941734141686,47.64782495441514,50.449829698939034,79.28268156424588,58.74128353622498,26.761904761904727,64.88905463360057,67.1368288305767,24.17490470730421,38.78983089842401,15.123354039906745,25.90509410653297,8.602205043720689,40.841428784934934,549050.0,6054.0,41.0,180.0,2916.0,5175.0,216.2849873,2741.0,735361.0,0.8548,97.32441472,26.42140468,0.8989,2.6925,3.2325,3.1624999999999996,10.5,33.5656993319104,1166.26216145454,1079.23318983017,646.3389375187539
2020-06,14497,7755,95.7218061837325,98.16734244515449,79.57504650164545,54.500285085933065,90.35634302777314,75.62392231599964,69.54783532805341,82.92769796984446,82.68015646156158,45.15897251661578,31.31647776809068,43.922984356197354,77.6614428532829,61.146511520524605,50.09561785409125,59.95832247981244,58.383901656030986,88.5251396648045,50.79186857345468,17.832722832722837,81.15393836072559,68.32225833050396,27.87505035792866,49.92139269143751,24.80893050666174,19.998546617251648,24.86376885058927,32.297115528321626,545550.0,6723.0,36.0,320.0,3232.0,8622.0,226.3935292,2547.0,732842.0,1.2825,96.32107023,19.06354515,0.8288,2.6025,3.1624999999999996,3.0925,11.1,32.7239654045016,1141.85780362946,1614.4817252200598,942.962498409409
2020-07,14812,9048,100.0,100.0,88.9469165832022,69.44693328989167,100.0,100.0,75.95582095594737,60.19233052356642,81.06915400431271,0.0,49.128160418483006,50.37526125783776,38.219400162118355,59.559264902802866,88.43430849981691,56.57723365459754,45.13173863680851,100.0,57.002718354804394,21.03174603174603,100.0,83.54270747441433,21.651326866858806,58.19433260477775,25.13475800225244,53.69522563767167,55.69002661259663,28.373935136750852,544300.0,6220.0,36.0,300.0,3000.0,8649.0,231.0848417,2452.0,745875.0,1.3905,94.64882943,24.74916388,0.8702,2.52,3.016,3.022,7.9,33.1779173290862,1141.2974639287,1630.28715315146,1164.74261021326
2020-08,13601,9080,87.97953584933641,65.58900136945832,73.01187580483617,50.948928891422995,84.27306936424989,83.63916870859421,86.72857468181464,50.13890537813125,41.372047540243756,73.97161846596002,51.991281604184884,19.089239343846995,32.28857065657929,65.02285635129522,60.617650648980856,26.4964834592341,55.00371921857265,87.80111731843584,39.16912894456927,17.013431013431013,78.71393942622733,81.29213755638554,18.237317549350788,56.382530004984815,13.995707576905913,50.63004142140828,49.646432644785214,74.41488566731438,539550.0,5857.0,36.0,388.0,2552.0,8449.0,236.7075665,2300.0,756312.0,1.4425,91.63879599,29.09698997,0.9205,2.475,2.935,2.9050000000000002,7.0,33.2934983651346,1178.20941168068,2057.1575548596693,888.5799934220689
2020-09,12816,8595,63.969007192110816,9.864128245750665,38.71083130633855,28.093182373544025,79.44438519782445,54.55122969416462,70.05389539738361,48.39724563694645,31.529261320896577,54.7751631638824,35.292066259808195,20.40186205586168,29.42447987030533,62.43362423234989,86.39988607234406,17.317009637926528,44.41529969071761,70.74301675977654,76.45668360713864,56.95360195360196,62.054820063397344,49.464034534607364,3.031805551251459,42.717320449403694,9.5410790556669,7.114308553157471,32.22025091876821,82.46898819309521,522050.0,5503.0,36.0,388.0,2384.0,8257.0,244.3537639,2170.0,756533.0,1.5005,86.95652174,28.76254181,0.9268,2.3850000000000002,2.89,2.975,6.5,33.322761239671394,1151.73361895784,2108.0635734592897,1007.27563770631
